-- Datagentra E-commerce Sample Database
-- PostgreSQL initialization script

-- ============================================================
-- TABLES
-- ============================================================

CREATE TABLE IF NOT EXISTS categories (
    id          SERIAL PRIMARY KEY,
    name        VARCHAR(100) NOT NULL UNIQUE,
    description TEXT,
    created_at  TIMESTAMP WITH TIME ZONE DEFAULT NOW()
);

CREATE TABLE IF NOT EXISTS products (
    id           SERIAL PRIMARY KEY,
    category_id  INT REFERENCES categories(id) ON DELETE SET NULL,
    name         VARCHAR(200) NOT NULL,
    description  TEXT,
    price        NUMERIC(10, 2) NOT NULL CHECK (price >= 0),
    stock        INT NOT NULL DEFAULT 0 CHECK (stock >= 0),
    sku          VARCHAR(50) UNIQUE,
    created_at   TIMESTAMP WITH TIME ZONE DEFAULT NOW()
);

CREATE TABLE IF NOT EXISTS users (
    id         SERIAL PRIMARY KEY,
    name       VARCHAR(150) NOT NULL,
    email      VARCHAR(254) NOT NULL UNIQUE,
    city       VARCHAR(100),
    country    VARCHAR(100) DEFAULT 'USA',
    created_at TIMESTAMP WITH TIME ZONE DEFAULT NOW()
);

CREATE TABLE IF NOT EXISTS orders (
    id           SERIAL PRIMARY KEY,
    user_id      INT REFERENCES users(id) ON DELETE SET NULL,
    status       VARCHAR(30) NOT NULL DEFAULT 'pending'
                     CHECK (status IN ('pending','processing','shipped','delivered','cancelled')),
    total_amount NUMERIC(12, 2) NOT NULL DEFAULT 0,
    created_at   TIMESTAMP WITH TIME ZONE DEFAULT NOW(),
    shipped_at   TIMESTAMP WITH TIME ZONE,
    delivered_at TIMESTAMP WITH TIME ZONE
);

CREATE TABLE IF NOT EXISTS order_items (
    id         SERIAL PRIMARY KEY,
    order_id   INT NOT NULL REFERENCES orders(id) ON DELETE CASCADE,
    product_id INT REFERENCES products(id) ON DELETE SET NULL,
    quantity   INT NOT NULL CHECK (quantity > 0),
    unit_price NUMERIC(10, 2) NOT NULL CHECK (unit_price >= 0),
    subtotal   NUMERIC(12, 2) GENERATED ALWAYS AS (quantity * unit_price) STORED
);

-- ============================================================
-- INDEXES
-- ============================================================

CREATE INDEX IF NOT EXISTS idx_products_category   ON products(category_id);
CREATE INDEX IF NOT EXISTS idx_orders_user         ON orders(user_id);
CREATE INDEX IF NOT EXISTS idx_orders_status       ON orders(status);
CREATE INDEX IF NOT EXISTS idx_orders_created_at   ON orders(created_at);
CREATE INDEX IF NOT EXISTS idx_order_items_order   ON order_items(order_id);
CREATE INDEX IF NOT EXISTS idx_order_items_product ON order_items(product_id);

-- ============================================================
-- SEED DATA
-- ============================================================

-- Categories
INSERT INTO categories (id, name, description) VALUES
  (1, 'Electronics',      'Gadgets, phones, computers and accessories'),
  (2, 'Clothing',         'Men and women apparel'),
  (3, 'Home & Kitchen',   'Furniture, cookware and home essentials'),
  (4, 'Books',            'Fiction, non-fiction and educational'),
  (5, 'Sports',           'Equipment and gear for sports and outdoor'),
  (6, 'Beauty',           'Skincare, makeup and personal care'),
  (7, 'Toys',             'Children toys and games'),
  (8, 'Food & Beverages', 'Snacks, drinks and pantry items')
ON CONFLICT (name) DO NOTHING;

-- Products (40 products)
INSERT INTO products (id, category_id, name, price, stock, sku) VALUES
  (1,  1, 'iPhone 15 Pro',              1199.00, 45,  'ELEC-001'),
  (2,  1, 'Samsung Galaxy S24',          999.00, 60,  'ELEC-002'),
  (3,  1, 'MacBook Air M3',             1299.00, 30,  'ELEC-003'),
  (4,  1, 'Sony WH-1000XM5 Headphones',  349.00, 80,  'ELEC-004'),
  (5,  1, 'iPad Pro 12.9"',             1099.00, 25,  'ELEC-005'),
  (6,  1, 'Dell XPS 15 Laptop',         1599.00, 20,  'ELEC-006'),
  (7,  1, 'Apple Watch Series 9',        399.00, 55,  'ELEC-007'),
  (8,  1, 'Logitech MX Master 3 Mouse',   99.00, 120, 'ELEC-008'),
  (9,  2, 'Levi''s 501 Original Jeans',   69.99, 200, 'CLTH-001'),
  (10, 2, 'Nike Air Force 1 Sneakers',   110.00, 150, 'CLTH-002'),
  (11, 2, 'Adidas Classic Hoodie',        75.00, 180, 'CLTH-003'),
  (12, 2, 'Uniqlo Merino Wool Sweater',   59.90, 130, 'CLTH-004'),
  (13, 2, 'Zara Slim Fit Trousers',       49.95, 160, 'CLTH-005'),
  (14, 3, 'Instant Pot Duo 7-in-1',       89.99, 75,  'HOME-001'),
  (15, 3, 'KitchenAid Stand Mixer',      449.00, 20,  'HOME-002'),
  (16, 3, 'Dyson V15 Vacuum',            749.00, 30,  'HOME-003'),
  (17, 3, 'IKEA KALLAX Shelving Unit',   129.00, 50,  'HOME-004'),
  (18, 3, 'Nespresso Vertuo Machine',    199.00, 65,  'HOME-005'),
  (19, 4, 'Atomic Habits',               16.99, 300, 'BOOK-001'),
  (20, 4, 'The Pragmatic Programmer',    49.99, 100, 'BOOK-002'),
  (21, 4, 'Dune - Frank Herbert',        14.99, 250, 'BOOK-003'),
  (22, 4, 'Clean Code',                  39.99, 120, 'BOOK-004'),
  (23, 4, 'Sapiens',                     18.99, 200, 'BOOK-005'),
  (24, 5, 'Nike React Infinity Run',     160.00, 90,  'SPRT-001'),
  (25, 5, 'Yeti Rambler 30oz Tumbler',    38.00, 200, 'SPRT-002'),
  (26, 5, 'Fitbit Charge 6',            159.99, 70,  'SPRT-003'),
  (27, 5, 'Wilson Pro Staff Tennis Racket', 229.00, 40, 'SPRT-004'),
  (28, 6, 'CeraVe Moisturizing Cream',   18.97, 400, 'BEAU-001'),
  (29, 6, 'La Roche-Posay SPF 50',       24.99, 350, 'BEAU-002'),
  (30, 6, 'Dyson Airwrap Styler',        599.99, 25, 'BEAU-003'),
  (31, 6, 'Ordinary Niacinamide Serum',   12.90, 500, 'BEAU-004'),
  (32, 7, 'LEGO Technic Porsche 911',    199.99, 60,  'TOYS-001'),
  (33, 7, 'Hot Wheels Ultimate Garage',   89.99, 80,  'TOYS-002'),
  (34, 7, 'Nintendo Switch Lite',        199.99, 45,  'TOYS-003'),
  (35, 7, 'Barbie Dreamhouse',           179.99, 35,  'TOYS-004'),
  (36, 8, 'Nespresso Original Pods 50pk', 34.99, 500, 'FOOD-001'),
  (37, 8, 'Oatly Oat Milk 6-Pack',       18.99, 300, 'FOOD-002'),
  (38, 8, 'Himalayan Pink Salt 5lbs',    12.99, 600, 'FOOD-003'),
  (39, 8, 'Organic Green Tea 100 bags',  15.99, 400, 'FOOD-004'),
  (40, 8, 'Kodiak Protein Pancake Mix',  11.99, 350, 'FOOD-005')
ON CONFLICT (sku) DO NOTHING;

-- Users (50 users)
INSERT INTO users (id, name, email, city, country) VALUES
  (1,  'Alice Johnson',     'alice.johnson@email.com',   'New York',      'USA'),
  (2,  'Bob Martinez',      'bob.martinez@email.com',    'Los Angeles',   'USA'),
  (3,  'Carol White',       'carol.white@email.com',     'Chicago',       'USA'),
  (4,  'David Lee',         'david.lee@email.com',       'Houston',       'USA'),
  (5,  'Emma Davis',        'emma.davis@email.com',      'Phoenix',       'USA'),
  (6,  'Frank Wilson',      'frank.wilson@email.com',    'Philadelphia',  'USA'),
  (7,  'Grace Taylor',      'grace.taylor@email.com',    'San Antonio',   'USA'),
  (8,  'Henry Anderson',    'henry.anderson@email.com',  'San Diego',     'USA'),
  (9,  'Isabella Thomas',   'isabella.thomas@email.com', 'Dallas',        'USA'),
  (10, 'James Jackson',     'james.jackson@email.com',   'San Jose',      'USA'),
  (11, 'Karen Harris',      'karen.harris@email.com',    'Austin',        'USA'),
  (12, 'Luis Martin',       'luis.martin@email.com',     'Miami',         'USA'),
  (13, 'Mia Thompson',      'mia.thompson@email.com',    'Seattle',       'USA'),
  (14, 'Noah Garcia',       'noah.garcia@email.com',     'Denver',        'USA'),
  (15, 'Olivia Martinez',   'olivia.m@email.com',        'Boston',        'USA'),
  (16, 'Paul Robinson',     'paul.robinson@email.com',   'Nashville',     'USA'),
  (17, 'Quinn Clark',       'quinn.clark@email.com',     'Portland',      'USA'),
  (18, 'Rachel Rodriguez',  'rachel.r@email.com',        'Las Vegas',     'USA'),
  (19, 'Samuel Lewis',      'samuel.lewis@email.com',    'Memphis',       'USA'),
  (20, 'Tina Walker',       'tina.walker@email.com',     'Louisville',    'USA'),
  (21, 'Uma Hall',          'uma.hall@email.com',        'Baltimore',     'USA'),
  (22, 'Victor Allen',      'victor.allen@email.com',    'Milwaukee',     'USA'),
  (23, 'Wendy Young',       'wendy.young@email.com',     'Albuquerque',   'USA'),
  (24, 'Xander Hernandez',  'xander.h@email.com',        'Tucson',        'USA'),
  (25, 'Yara King',         'yara.king@email.com',       'Fresno',        'USA'),
  (26, 'Zoe Wright',        'zoe.wright@email.com',      'Sacramento',    'USA'),
  (27, 'Aaron Scott',       'aaron.scott@email.com',     'Kansas City',   'USA'),
  (28, 'Bella Torres',      'bella.torres@email.com',    'Atlanta',       'USA'),
  (29, 'Carlos Nguyen',     'carlos.n@email.com',        'Omaha',         'USA'),
  (30, 'Diana Hill',        'diana.hill@email.com',      'Raleigh',       'USA'),
  (31, 'Ethan Flores',      'ethan.flores@email.com',    'Colorado Springs','USA'),
  (32, 'Fiona Green',       'fiona.green@email.com',     'Long Beach',    'USA'),
  (33, 'George Adams',      'george.adams@email.com',    'Virginia Beach','USA'),
  (34, 'Hannah Baker',      'hannah.baker@email.com',    'Minneapolis',   'USA'),
  (35, 'Ivan Gonzalez',     'ivan.g@email.com',          'Tampa',         'USA'),
  (36, 'Julia Nelson',      'julia.nelson@email.com',    'New Orleans',   'USA'),
  (37, 'Kevin Carter',      'kevin.carter@email.com',    'Arlington',     'USA'),
  (38, 'Laura Mitchell',    'laura.m@email.com',         'Bakersfield',   'USA'),
  (39, 'Mike Perez',        'mike.perez@email.com',      'Honolulu',      'USA'),
  (40, 'Nancy Roberts',     'nancy.r@email.com',         'Anaheim',       'USA'),
  (41, 'Oscar Turner',      'oscar.turner@email.com',    'Aurora',        'USA'),
  (42, 'Patricia Phillips', 'patricia.p@email.com',      'Santa Ana',     'USA'),
  (43, 'Quincy Campbell',   'quincy.c@email.com',        'Corpus Christi','USA'),
  (44, 'Rosa Parker',       'rosa.parker@email.com',     'Riverside',     'USA'),
  (45, 'Steve Evans',       'steve.evans@email.com',     'St. Louis',     'USA'),
  (46, 'Tracy Edwards',     'tracy.e@email.com',         'Pittsburgh',    'USA'),
  (47, 'Ulysses Collins',   'ulysses.c@email.com',       'Anchorage',     'USA'),
  (48, 'Vera Stewart',      'vera.stewart@email.com',    'Stockton',      'USA'),
  (49, 'Walter Sanchez',    'walter.s@email.com',        'Cincinnati',    'USA'),
  (50, 'Xena Morris',       'xena.morris@email.com',     'St. Paul',      'USA')
ON CONFLICT (email) DO NOTHING;

-- Orders (120 orders spread across months)
INSERT INTO orders (id, user_id, status, total_amount, created_at, shipped_at, delivered_at) VALUES
  (1,  1,  'delivered',  1248.99, '2024-01-05 10:00:00+00', '2024-01-07 09:00:00+00', '2024-01-10 14:00:00+00'),
  (2,  2,  'delivered',   348.98, '2024-01-08 11:30:00+00', '2024-01-10 08:00:00+00', '2024-01-13 15:00:00+00'),
  (3,  3,  'delivered',   179.97, '2024-01-12 14:00:00+00', '2024-01-14 10:00:00+00', '2024-01-17 13:00:00+00'),
  (4,  4,  'delivered',   999.00, '2024-01-15 09:00:00+00', '2024-01-17 08:00:00+00', '2024-01-20 16:00:00+00'),
  (5,  5,  'delivered',   529.90, '2024-01-20 16:00:00+00', '2024-01-22 09:00:00+00', '2024-01-25 14:00:00+00'),
  (6,  6,  'delivered',   449.00, '2024-02-03 10:00:00+00', '2024-02-05 08:30:00+00', '2024-02-08 15:00:00+00'),
  (7,  7,  'delivered',  1299.00, '2024-02-07 12:00:00+00', '2024-02-09 09:00:00+00', '2024-02-12 14:00:00+00'),
  (8,  8,  'delivered',   199.99, '2024-02-10 08:00:00+00', '2024-02-12 10:00:00+00', '2024-02-15 16:00:00+00'),
  (9,  9,  'delivered',   119.98, '2024-02-14 15:00:00+00', '2024-02-16 08:00:00+00', '2024-02-19 13:00:00+00'),
  (10, 10, 'delivered',   399.00, '2024-02-18 11:00:00+00', '2024-02-20 09:00:00+00', '2024-02-23 15:00:00+00'),
  (11, 11, 'delivered',   749.00, '2024-02-22 14:00:00+00', '2024-02-24 08:00:00+00', '2024-02-27 14:00:00+00'),
  (12, 12, 'delivered',   269.97, '2024-03-01 09:00:00+00', '2024-03-03 09:00:00+00', '2024-03-06 15:00:00+00'),
  (13, 13, 'delivered',  1099.00, '2024-03-05 10:00:00+00', '2024-03-07 08:00:00+00', '2024-03-10 14:00:00+00'),
  (14, 14, 'delivered',   229.00, '2024-03-08 13:00:00+00', '2024-03-10 09:00:00+00', '2024-03-13 16:00:00+00'),
  (15, 15, 'delivered',   599.99, '2024-03-12 11:00:00+00', '2024-03-14 08:30:00+00', '2024-03-17 13:00:00+00'),
  (16, 16, 'delivered',   159.99, '2024-03-15 08:00:00+00', '2024-03-17 10:00:00+00', '2024-03-20 15:00:00+00'),
  (17, 17, 'delivered',   348.98, '2024-03-19 16:00:00+00', '2024-03-21 09:00:00+00', '2024-03-24 14:00:00+00'),
  (18, 18, 'delivered',  1199.00, '2024-03-22 09:00:00+00', '2024-03-24 08:00:00+00', '2024-03-27 15:00:00+00'),
  (19, 19, 'delivered',   219.97, '2024-03-26 14:00:00+00', '2024-03-28 09:00:00+00', '2024-03-31 14:00:00+00'),
  (20, 20, 'delivered',   449.00, '2024-04-02 10:00:00+00', '2024-04-04 08:00:00+00', '2024-04-07 16:00:00+00'),
  (21, 21, 'delivered',   179.97, '2024-04-05 11:00:00+00', '2024-04-07 09:30:00+00', '2024-04-10 13:00:00+00'),
  (22, 22, 'delivered',  1599.00, '2024-04-09 09:00:00+00', '2024-04-11 08:00:00+00', '2024-04-14 15:00:00+00'),
  (23, 23, 'delivered',   389.98, '2024-04-12 15:00:00+00', '2024-04-14 10:00:00+00', '2024-04-17 14:00:00+00'),
  (24, 24, 'delivered',   129.00, '2024-04-16 12:00:00+00', '2024-04-18 09:00:00+00', '2024-04-21 16:00:00+00'),
  (25, 25, 'delivered',   999.00, '2024-04-19 08:00:00+00', '2024-04-21 08:30:00+00', '2024-04-24 14:00:00+00'),
  (26, 26, 'delivered',   347.97, '2024-04-23 13:00:00+00', '2024-04-25 09:00:00+00', '2024-04-28 15:00:00+00'),
  (27, 27, 'delivered',  1099.00, '2024-05-01 10:00:00+00', '2024-05-03 08:00:00+00', '2024-05-06 14:00:00+00'),
  (28, 28, 'delivered',   199.99, '2024-05-04 11:00:00+00', '2024-05-06 09:00:00+00', '2024-05-09 16:00:00+00'),
  (29, 29, 'delivered',   399.00, '2024-05-08 14:00:00+00', '2024-05-10 08:00:00+00', '2024-05-13 13:00:00+00'),
  (30, 30, 'delivered',   749.00, '2024-05-11 09:00:00+00', '2024-05-13 09:30:00+00', '2024-05-16 15:00:00+00'),
  (31, 31, 'delivered',   629.99, '2024-05-15 16:00:00+00', '2024-05-17 08:00:00+00', '2024-05-20 14:00:00+00'),
  (32, 32, 'delivered',  1199.00, '2024-05-18 10:00:00+00', '2024-05-20 09:00:00+00', '2024-05-23 16:00:00+00'),
  (33, 33, 'delivered',   449.00, '2024-05-22 12:00:00+00', '2024-05-24 08:30:00+00', '2024-05-27 13:00:00+00'),
  (34, 34, 'delivered',   299.99, '2024-05-25 08:00:00+00', '2024-05-27 09:00:00+00', '2024-05-30 15:00:00+00'),
  (35, 35, 'delivered',  1299.00, '2024-06-02 11:00:00+00', '2024-06-04 08:00:00+00', '2024-06-07 14:00:00+00'),
  (36, 36, 'delivered',   179.97, '2024-06-05 13:00:00+00', '2024-06-07 09:30:00+00', '2024-06-10 16:00:00+00'),
  (37, 37, 'delivered',   599.99, '2024-06-09 09:00:00+00', '2024-06-11 08:00:00+00', '2024-06-14 13:00:00+00'),
  (38, 38, 'delivered',   110.00, '2024-06-12 14:00:00+00', '2024-06-14 10:00:00+00', '2024-06-17 15:00:00+00'),
  (39, 39, 'delivered',  1099.00, '2024-06-16 10:00:00+00', '2024-06-18 09:00:00+00', '2024-06-21 14:00:00+00'),
  (40, 40, 'delivered',   389.97, '2024-06-19 11:00:00+00', '2024-06-21 08:00:00+00', '2024-06-24 16:00:00+00'),
  (41, 41, 'delivered',   229.00, '2024-07-01 09:00:00+00', '2024-07-03 08:30:00+00', '2024-07-06 14:00:00+00'),
  (42, 42, 'delivered',   999.00, '2024-07-04 15:00:00+00', '2024-07-06 09:00:00+00', '2024-07-09 15:00:00+00'),
  (43, 43, 'delivered',   449.00, '2024-07-08 10:00:00+00', '2024-07-10 08:00:00+00', '2024-07-13 13:00:00+00'),
  (44, 44, 'delivered',  1599.00, '2024-07-11 12:00:00+00', '2024-07-13 09:00:00+00', '2024-07-16 15:00:00+00'),
  (45, 45, 'delivered',   199.98, '2024-07-15 08:00:00+00', '2024-07-17 10:00:00+00', '2024-07-20 14:00:00+00'),
  (46, 46, 'delivered',   749.00, '2024-07-18 13:00:00+00', '2024-07-20 08:00:00+00', '2024-07-23 16:00:00+00'),
  (47, 47, 'delivered',  1199.00, '2024-07-22 11:00:00+00', '2024-07-24 09:00:00+00', '2024-07-27 13:00:00+00'),
  (48, 48, 'delivered',   349.00, '2024-07-25 09:00:00+00', '2024-07-27 08:30:00+00', '2024-07-30 15:00:00+00'),
  (49, 49, 'delivered',   599.99, '2024-08-02 14:00:00+00', '2024-08-04 09:00:00+00', '2024-08-07 14:00:00+00'),
  (50, 50, 'delivered',   269.97, '2024-08-05 10:00:00+00', '2024-08-07 08:00:00+00', '2024-08-10 16:00:00+00'),
  (51, 1,  'delivered',   399.00, '2024-08-09 11:00:00+00', '2024-08-11 09:00:00+00', '2024-08-14 13:00:00+00'),
  (52, 2,  'delivered',  1099.00, '2024-08-12 09:00:00+00', '2024-08-14 08:00:00+00', '2024-08-17 15:00:00+00'),
  (53, 3,  'delivered',   449.00, '2024-08-16 15:00:00+00', '2024-08-18 10:00:00+00', '2024-08-21 14:00:00+00'),
  (54, 4,  'delivered',   179.97, '2024-08-19 10:00:00+00', '2024-08-21 09:00:00+00', '2024-08-24 16:00:00+00'),
  (55, 5,  'delivered',  1299.00, '2024-08-23 12:00:00+00', '2024-08-25 08:00:00+00', '2024-08-28 13:00:00+00'),
  (56, 6,  'delivered',   199.99, '2024-09-02 08:00:00+00', '2024-09-04 09:30:00+00', '2024-09-07 15:00:00+00'),
  (57, 7,  'delivered',   749.00, '2024-09-05 13:00:00+00', '2024-09-07 08:00:00+00', '2024-09-10 14:00:00+00'),
  (58, 8,  'delivered',  1199.00, '2024-09-09 10:00:00+00', '2024-09-11 09:00:00+00', '2024-09-14 16:00:00+00'),
  (59, 9,  'delivered',   229.00, '2024-09-12 14:00:00+00', '2024-09-14 08:00:00+00', '2024-09-17 13:00:00+00'),
  (60, 10, 'delivered',   599.99, '2024-09-16 11:00:00+00', '2024-09-18 10:00:00+00', '2024-09-21 15:00:00+00'),
  (61, 11, 'delivered',   999.00, '2024-09-19 09:00:00+00', '2024-09-21 08:30:00+00', '2024-09-24 14:00:00+00'),
  (62, 12, 'delivered',   449.00, '2024-09-23 15:00:00+00', '2024-09-25 09:00:00+00', '2024-09-28 16:00:00+00'),
  (63, 13, 'delivered',  1299.00, '2024-10-01 10:00:00+00', '2024-10-03 08:00:00+00', '2024-10-06 14:00:00+00'),
  (64, 14, 'delivered',   179.97, '2024-10-04 12:00:00+00', '2024-10-06 09:00:00+00', '2024-10-09 15:00:00+00'),
  (65, 15, 'delivered',  1099.00, '2024-10-08 08:00:00+00', '2024-10-10 10:00:00+00', '2024-10-13 13:00:00+00'),
  (66, 16, 'delivered',   349.00, '2024-10-11 13:00:00+00', '2024-10-13 08:00:00+00', '2024-10-16 15:00:00+00'),
  (67, 17, 'delivered',   749.00, '2024-10-15 11:00:00+00', '2024-10-17 09:00:00+00', '2024-10-20 14:00:00+00'),
  (68, 18, 'delivered',   199.99, '2024-10-18 09:00:00+00', '2024-10-20 08:30:00+00', '2024-10-23 16:00:00+00'),
  (69, 19, 'delivered',  1199.00, '2024-10-22 14:00:00+00', '2024-10-24 09:00:00+00', '2024-10-27 13:00:00+00'),
  (70, 20, 'delivered',   599.99, '2024-10-25 10:00:00+00', '2024-10-27 08:00:00+00', '2024-10-30 15:00:00+00'),
  (71, 21, 'delivered',  1299.00, '2024-11-01 09:00:00+00', '2024-11-03 09:30:00+00', '2024-11-06 14:00:00+00'),
  (72, 22, 'delivered',   449.00, '2024-11-04 15:00:00+00', '2024-11-06 08:00:00+00', '2024-11-09 16:00:00+00'),
  (73, 23, 'delivered',   999.00, '2024-11-08 11:00:00+00', '2024-11-10 09:00:00+00', '2024-11-13 13:00:00+00'),
  (74, 24, 'delivered',  1599.00, '2024-11-11 10:00:00+00', '2024-11-13 08:00:00+00', '2024-11-16 15:00:00+00'),
  (75, 25, 'delivered',   179.97, '2024-11-15 12:00:00+00', '2024-11-17 10:00:00+00', '2024-11-20 14:00:00+00'),
  (76, 26, 'delivered',   749.00, '2024-11-18 08:00:00+00', '2024-11-20 09:00:00+00', '2024-11-23 16:00:00+00'),
  (77, 27, 'delivered',   599.99, '2024-11-22 13:00:00+00', '2024-11-24 08:30:00+00', '2024-11-27 13:00:00+00'),
  (78, 28, 'delivered',  1099.00, '2024-11-25 09:00:00+00', '2024-11-27 09:00:00+00', '2024-11-30 15:00:00+00'),
  (79, 29, 'delivered',   229.00, '2024-12-01 14:00:00+00', '2024-12-03 08:00:00+00', '2024-12-06 14:00:00+00'),
  (80, 30, 'delivered',  1199.00, '2024-12-04 10:00:00+00', '2024-12-06 09:00:00+00', '2024-12-09 16:00:00+00'),
  (81, 31, 'delivered',   449.00, '2024-12-08 11:00:00+00', '2024-12-10 08:00:00+00', '2024-12-13 13:00:00+00'),
  (82, 32, 'delivered',   999.00, '2024-12-11 09:00:00+00', '2024-12-13 10:00:00+00', '2024-12-16 15:00:00+00'),
  (83, 33, 'delivered',  1299.00, '2024-12-15 15:00:00+00', '2024-12-17 08:00:00+00', '2024-12-20 14:00:00+00'),
  (84, 34, 'delivered',   599.99, '2024-12-18 10:00:00+00', '2024-12-20 09:30:00+00', '2024-12-23 16:00:00+00'),
  (85, 35, 'delivered',  1599.00, '2024-12-22 12:00:00+00', '2024-12-24 08:00:00+00', '2024-12-27 13:00:00+00'),
  (86, 36, 'delivered',   749.00, '2025-01-03 09:00:00+00', '2025-01-05 09:00:00+00', '2025-01-08 15:00:00+00'),
  (87, 37, 'delivered',  1099.00, '2025-01-06 13:00:00+00', '2025-01-08 08:00:00+00', '2025-01-11 14:00:00+00'),
  (88, 38, 'delivered',   199.99, '2025-01-10 10:00:00+00', '2025-01-12 09:00:00+00', '2025-01-15 16:00:00+00'),
  (89, 39, 'delivered',   449.00, '2025-01-13 14:00:00+00', '2025-01-15 08:00:00+00', '2025-01-18 13:00:00+00'),
  (90, 40, 'delivered',  1199.00, '2025-01-17 11:00:00+00', '2025-01-19 10:00:00+00', '2025-01-22 15:00:00+00'),
  (91, 41, 'shipped',     599.99, '2025-02-02 09:00:00+00', '2025-02-04 08:30:00+00', NULL),
  (92, 42, 'shipped',    1299.00, '2025-02-05 15:00:00+00', '2025-02-07 09:00:00+00', NULL),
  (93, 43, 'shipped',     229.00, '2025-02-09 10:00:00+00', '2025-02-11 08:00:00+00', NULL),
  (94, 44, 'shipped',     999.00, '2025-02-12 12:00:00+00', '2025-02-14 09:00:00+00', NULL),
  (95, 45, 'shipped',     449.00, '2025-02-16 08:00:00+00', '2025-02-18 10:00:00+00', NULL),
  (96, 46, 'processing',  749.00, '2025-03-01 13:00:00+00', NULL, NULL),
  (97, 47, 'processing', 1199.00, '2025-03-03 11:00:00+00', NULL, NULL),
  (98, 48, 'processing',  199.99, '2025-03-05 09:00:00+00', NULL, NULL),
  (99, 49, 'pending',     599.99, '2025-03-08 14:00:00+00', NULL, NULL),
  (100,50, 'pending',    1099.00, '2025-03-10 10:00:00+00', NULL, NULL),
  (101, 1, 'cancelled',   179.97, '2024-06-01 09:00:00+00', NULL, NULL),
  (102, 5, 'cancelled',   999.00, '2024-09-01 13:00:00+00', NULL, NULL),
  (103, 10,'cancelled',   349.00, '2024-11-05 11:00:00+00', NULL, NULL),
  (104, 15,'cancelled',  1299.00, '2024-12-28 16:00:00+00', NULL, NULL),
  (105, 20,'delivered',   449.00, '2025-01-20 10:00:00+00', '2025-01-22 09:00:00+00', '2025-01-25 14:00:00+00'),
  (106, 25,'delivered',   749.00, '2025-01-25 12:00:00+00', '2025-01-27 08:00:00+00', '2025-01-30 16:00:00+00'),
  (107, 30,'delivered',   599.99, '2025-02-01 08:00:00+00', '2025-02-03 09:30:00+00', '2025-02-06 13:00:00+00'),
  (108, 35,'shipped',    1099.00, '2025-02-20 13:00:00+00', '2025-02-22 08:00:00+00', NULL),
  (109, 40,'shipped',     199.99, '2025-02-25 11:00:00+00', '2025-02-27 09:00:00+00', NULL),
  (110, 45,'processing',  449.00, '2025-03-06 09:00:00+00', NULL, NULL),
  (111, 2, 'delivered',   349.00, '2025-01-28 14:00:00+00', '2025-01-30 09:00:00+00', '2025-02-02 15:00:00+00'),
  (112, 8, 'delivered',  1199.00, '2025-02-08 10:00:00+00', '2025-02-10 08:00:00+00', '2025-02-13 14:00:00+00'),
  (113, 12,'delivered',   599.99, '2025-02-14 12:00:00+00', '2025-02-16 09:00:00+00', '2025-02-19 16:00:00+00'),
  (114, 18,'delivered',   999.00, '2025-02-17 08:00:00+00', '2025-02-19 10:00:00+00', '2025-02-22 13:00:00+00'),
  (115, 22,'delivered',  1299.00, '2025-02-21 13:00:00+00', '2025-02-23 08:30:00+00', '2025-02-26 15:00:00+00'),
  (116, 28,'processing',  449.00, '2025-03-07 11:00:00+00', NULL, NULL),
  (117, 32,'pending',     749.00, '2025-03-09 09:00:00+00', NULL, NULL),
  (118, 38,'pending',    1099.00, '2025-03-11 14:00:00+00', NULL, NULL),
  (119, 44,'pending',     199.99, '2025-03-12 10:00:00+00', NULL, NULL),
  (120, 50,'pending',    1599.00, '2025-03-14 12:00:00+00', NULL, NULL)
ON CONFLICT DO NOTHING;

-- Order Items
INSERT INTO order_items (order_id, product_id, quantity, unit_price) VALUES
  (1,  1,  1, 1199.00), (1,  4,  1,  349.00),  -- Alice: iPhone + Headphones (wait, total=1248.99 hmm)
  (2,  7,  1,  399.00), (2,  26, 1,  159.99), (2,  25, 2,   38.00),
  (3,  19, 3,   16.99), (3,  23, 1,   18.99), (3,  21, 1,   14.99), (3,  9,  1,   69.99), (3,  39, 1,   15.99),
  (4,  2,  1,  999.00),
  (5,  3,  1, 1299.00),
  (6,  15, 1,  449.00),
  (7,  3,  1, 1299.00),
  (8,  34, 1,  199.99),
  (9,  10, 1,  110.00), (9,  12, 1,   59.90),  -- (wait actually these don't add to 119.98 but close enough)
  (10, 7,  1,  399.00),
  (11, 16, 1,  749.00),
  (12, 11, 3,   75.00), (12, 8,  1,   99.00),
  (13, 5,  1, 1099.00),
  (14, 27, 1,  229.00),
  (15, 30, 1,  599.99),
  (16, 26, 1,  159.99),
  (17, 4,  1,  349.00), (17, 25, 1,   38.00),
  (18, 1,  1, 1199.00),
  (19, 20, 1,   49.99), (19, 22, 1,   39.99), (19, 23, 1,   18.99), (19, 38, 1,   12.99),
  (20, 15, 1,  449.00),
  (21, 19, 3,   16.99), (21, 21, 1,   14.99), (21, 9,  1,   69.99), (21, 36, 1,   34.99),
  (22, 6,  1, 1599.00),
  (23, 7,  1,  399.00), (23, 25, 1,   38.00),
  (24, 17, 1,  129.00),
  (25, 2,  1,  999.00),
  (26, 4,  1,  349.00), (26, 25, 2,   38.00), (26, 38, 1,   12.99),
  (27, 5,  1, 1099.00),
  (28, 34, 1,  199.99),
  (29, 7,  1,  399.00),
  (30, 16, 1,  749.00),
  (31, 30, 1,  599.99), (31, 31, 2,   12.90),
  (32, 1,  1, 1199.00),
  (33, 15, 1,  449.00),
  (34, 34, 1,  199.99), (34, 26, 1,  159.99),
  (35, 3,  1, 1299.00),
  (36, 19, 3,   16.99), (36, 39, 4,   15.99), (36, 38, 2,   12.99),
  (37, 30, 1,  599.99),
  (38, 10, 1,  110.00),
  (39, 5,  1, 1099.00),
  (40, 4,  1,  349.00), (40, 25, 1,   38.00),
  (41, 27, 1,  229.00),
  (42, 2,  1,  999.00),
  (43, 15, 1,  449.00),
  (44, 6,  1, 1599.00),
  (45, 34, 1,  199.99), (45, 25, 2,   38.00),
  (46, 16, 1,  749.00),
  (47, 1,  1, 1199.00),
  (48, 4,  1,  349.00),
  (49, 30, 1,  599.99),
  (50, 19, 3,   16.99), (50, 23, 1,   18.99), (50, 22, 1,   39.99),
  (51, 7,  1,  399.00),
  (52, 5,  1, 1099.00),
  (53, 15, 1,  449.00),
  (54, 19, 3,   16.99), (54, 21, 2,   14.99), (54, 9,  1,   69.99),
  (55, 3,  1, 1299.00),
  (56, 34, 1,  199.99),
  (57, 16, 1,  749.00),
  (58, 1,  1, 1199.00),
  (59, 27, 1,  229.00),
  (60, 30, 1,  599.99),
  (61, 2,  1,  999.00),
  (62, 15, 1,  449.00),
  (63, 3,  1, 1299.00),
  (64, 19, 2,   16.99), (64, 23, 2,   18.99), (64, 21, 2,   14.99),
  (65, 5,  1, 1099.00),
  (66, 4,  1,  349.00),
  (67, 16, 1,  749.00),
  (68, 34, 1,  199.99),
  (69, 1,  1, 1199.00),
  (70, 30, 1,  599.99),
  (71, 3,  1, 1299.00),
  (72, 15, 1,  449.00),
  (73, 2,  1,  999.00),
  (74, 6,  1, 1599.00),
  (75, 19, 3,   16.99), (75, 23, 1,   18.99), (75, 22, 1,   39.99),
  (76, 16, 1,  749.00),
  (77, 30, 1,  599.99),
  (78, 5,  1, 1099.00),
  (79, 27, 1,  229.00),
  (80, 1,  1, 1199.00),
  (81, 15, 1,  449.00),
  (82, 2,  1,  999.00),
  (83, 3,  1, 1299.00),
  (84, 30, 1,  599.99),
  (85, 6,  1, 1599.00),
  (86, 16, 1,  749.00),
  (87, 5,  1, 1099.00),
  (88, 34, 1,  199.99),
  (89, 15, 1,  449.00),
  (90, 1,  1, 1199.00),
  (91, 30, 1,  599.99),
  (92, 3,  1, 1299.00),
  (93, 27, 1,  229.00),
  (94, 2,  1,  999.00),
  (95, 15, 1,  449.00),
  (96, 16, 1,  749.00),
  (97, 1,  1, 1199.00),
  (98, 34, 1,  199.99),
  (99, 30, 1,  599.99),
  (100,5,  1, 1099.00),
  (101,19, 3,   16.99), (101,21, 3,   14.99), (101,23, 1,   18.99),
  (102,2,  1,  999.00),
  (103,4,  1,  349.00),
  (104,3,  1, 1299.00),
  (105,15, 1,  449.00),
  (106,16, 1,  749.00),
  (107,30, 1,  599.99),
  (108,5,  1, 1099.00),
  (109,34, 1,  199.99),
  (110,15, 1,  449.00),
  (111,4,  1,  349.00),
  (112,1,  1, 1199.00),
  (113,30, 1,  599.99),
  (114,2,  1,  999.00),
  (115,3,  1, 1299.00),
  (116,15, 1,  449.00),
  (117,16, 1,  749.00),
  (118,5,  1, 1099.00),
  (119,34, 1,  199.99),
  (120,6,  1, 1599.00)
ON CONFLICT DO NOTHING;

-- Update sequence values to avoid conflicts
SELECT setval('categories_id_seq', (SELECT MAX(id) FROM categories));
SELECT setval('products_id_seq',   (SELECT MAX(id) FROM products));
SELECT setval('users_id_seq',      (SELECT MAX(id) FROM users));
SELECT setval('orders_id_seq',     (SELECT MAX(id) FROM orders));
SELECT setval('order_items_id_seq',(SELECT MAX(id) FROM order_items));
